{"schemaVersion":"1.0","appDefinitionTemplate":{"id":"/providers/Microsoft.PowerApps/apps/","type":"Microsoft.PowerApps/apps","tags":{"primaryDeviceWidth":"640","primaryDeviceHeight":"1136","sienaVersion":"20200121T054943Z-3.19123.15.0","deviceCapabilities":"webcam","supportsPortrait":"true","supportsLandscape":"false","primaryFormFactor":"Phone","publisherVersion":"3.19123.15","minimumRequiredApiVersion":"2.2.0","hasComponent":"false","hasNonOOBComponent":"false","hasUnlockedComponent":"false"},"properties":{"appVersion":"2020-01-21T05:49:43Z","lifeCycleId":"Published","createdByClientVersion":{"major":3,"minor":19123,"build":15,"revision":0,"majorRevision":0,"minorRevision":0},"minClientVersion":{"major":3,"minor":19123,"build":15,"revision":0,"majorRevision":0,"minorRevision":0},"backgroundColor":"rgba(0, 176, 240, 1)","backgroundImageUri":"/9960197584954918207/N73700b51-8f9a-428c-9986-49f72c180fd5-logoSmallFile","displayName":"JANUARY GATHERING 2020 Backup Sample","description":"","commitMessage":"","appUris":{"documentUri":{"value":"/9960197584954918207/Nd93714bc-acc1-4dd5-af9b-a8a5a3db9e02-document.msapp","readonlyValue":"/9960197584954918207/Nd93714bc-acc1-4dd5-af9b-a8a5a3db9e02-document.msapp"},"imageUris":[]},"createdTime":"0001-01-01T00:00:00Z","lastModifiedTime":"0001-01-01T00:00:00Z","sharedGroupsCount":0,"sharedUsersCount":0,"icons":{"smallIconUri":"/9960197584954918207/N21ce2595-d961-4b31-9663-d765d1c15948-small.png","mediumIconUri":"/9960197584954918207/N0ab5b9f1-cca9-4efb-bee5-f7044e1e4a3d-medium.png","largeIconUri":"/9960197584954918207/Nac4b7d2d-bfb5-4322-8249-c84ae57821d9-large.png","wideIconUri":"/9960197584954918207/N52a8c415-8600-4d0e-869c-9c665a7ba273-wide.png"},"connectionReferences":{"98b2bb99-f954-4190-b75c-e63dffcb4204":{"id":"c8d7dcc0-50d8-4ca9-9678-3df4f054679b","displayName":"Office 365 Users","iconUri":"https://connectoricons-prod.azureedge.net/office365users/icon_1.0.1298.1845.png","dataSources":["Office365Users"],"dependencies":[],"dependents":[],"parameterHints":{},"isOnPremiseConnection":false,"bypassConsent":false,"dataSets":{},"apiTier":"Standard","isCustomApiConnection":false}},"databaseReferences":{},"almMode":"Environment","performanceOptimizationEnabled":false,"canConsumeAppPass":true,"executionRestrictions":{"isTeamsOnly":false,"dataLossPreventionEvaluationResult":{"status":"Compliant","lastEvaluationDate":"2020-10-31T00:33:39.5175325Z","violationDetails":[]}}},"isAppComponentLibrary":false,"appType":"ClassicCanvasApp","appComponents":[]}}