{"schemaVersion":"1.0","appDefinitionTemplate":{"id":"/providers/Microsoft.PowerApps/apps/","type":"Microsoft.PowerApps/apps","tags":{"primaryDeviceWidth":"1366","primaryDeviceHeight":"768","sienaVersion":"20200212T123753Z-3.20014.23.0","deviceCapabilities":"","supportsPortrait":"false","supportsLandscape":"true","primaryFormFactor":"Tablet","publisherVersion":"3.20014.23","minimumRequiredApiVersion":"2.2.0","hasComponent":"true","hasNonOOBComponent":"false","hasUnlockedComponent":"true"},"properties":{"appVersion":"2020-02-12T12:37:53Z","lifeCycleId":"Published","createdByClientVersion":{"major":3,"minor":20014,"build":23,"revision":0,"majorRevision":0,"minorRevision":0},"minClientVersion":{"major":3,"minor":20014,"build":23,"revision":0,"majorRevision":0,"minorRevision":0},"backgroundColor":"rgba(0, 138, 0, 1)","backgroundImageUri":"/7877939145139113173/Nfcc3fed1-47a1-4b4c-97f4-f1fc572f97b1-logoSmallFile","displayName":"Tag App - Generic Development","description":"","commitMessage":"","appUris":{"documentUri":{"value":"/7877939145139113173/Nef568f8c-f3c5-454c-bd75-1de6ffed68d4-document.msapp","readonlyValue":"/7877939145139113173/Nef568f8c-f3c5-454c-bd75-1de6ffed68d4-document.msapp"},"imageUris":[]},"createdTime":"0001-01-01T00:00:00Z","lastModifiedTime":"0001-01-01T00:00:00Z","sharedGroupsCount":0,"sharedUsersCount":0,"icons":{"smallIconUri":"/7877939145139113173/Nd3b4b01f-b7bf-4e8b-9dbd-4759af5fcad3-small.png","mediumIconUri":"/7877939145139113173/N4129293f-7406-47f1-a324-b38cb47395e9-medium.png","largeIconUri":"/7877939145139113173/N78f3f975-8df1-4d6c-a47d-acf90c6e993a-large.png","wideIconUri":"/7877939145139113173/Nc3e3a442-3ce2-4845-8e48-0841881b7529-wide.png"},"connectionReferences":{"2ea270c0-e847-4e23-8042-642bd680a35c":{"id":"b0417075-32cf-4f61-a0e8-0b54c7a2f81a","displayName":"SharePoint","iconUri":"https://connectoricons-prod.azureedge.net/sharepointonline/icon_1.0.1299.1858.png","dataSources":["Rajpura Tag App","Documents","Plant Master","Employee master","Employee Mater 1","Rajpura Tag App_1","Employee master_1","Employee Mater 1_1","Employee Name","Plant Master_1"],"dependencies":[],"dependents":[],"parameterHints":{},"isOnPremiseConnection":false,"bypassConsent":false,"dataSets":{"https://unilever.sharepoint.com/sites/RajpuraTagApp":{"dataSources":{"Rajpura Tag App":{"tableName":"10f780ca-613a-4e5f-a759-a5b95507c77b"},"Documents":{"tableName":"a30ba505-a486-44f9-a496-8370ac49902c"},"Plant Master":{"tableName":"6a0ad05a-1d0a-46ee-8bd9-682744528aff"},"Employee master":{"tableName":"b3aca5cd-2a50-4632-8313-4c3444119e6f"},"Employee Mater 1":{"tableName":"68f95e5e-ce93-4a4c-945a-79b4bd2b8972"},"Rajpura Tag App_1":{"tableName":"10f780ca-613a-4e5f-a759-a5b95507c77b"},"Employee master_1":{"tableName":"b3aca5cd-2a50-4632-8313-4c3444119e6f"},"Employee Mater 1_1":{"tableName":"68f95e5e-ce93-4a4c-945a-79b4bd2b8972"},"Employee Name":{"tableName":"b7e26252-5deb-4a2d-a1d6-57b85762c653"},"Plant Master_1":{"tableName":"6a0ad05a-1d0a-46ee-8bd9-682744528aff"}}}},"apiTier":"Standard","isCustomApiConnection":false},"7edb8963-b268-4c28-9a37-2be705fef8f8":{"id":"e2448ded-b5bd-416d-a525-e3987e012e4d","displayName":"Excel","iconUri":"https://connectoricons-prod.azureedge.net/excel/icon_1.0.1278.1751.png","dataSources":["Table1"],"dependencies":["de2fc4b9-7f6b-41fd-b5ca-f26d2b06b026"],"dependents":[],"parameterHints":{"de2fc4b9-7f6b-41fd-b5ca-f26d2b06b026":{"value":"fileSource"}},"isOnPremiseConnection":false,"bypassConsent":false,"dataSets":{"b!aseOhNphi0quZclV0nA_zNCmSee10GpJj7nTW467qUeFwMrl6NmzSp9XMJIYEQ8C.01A7FGEGF2UNWJADV2J5F35ONST352ZI6E":{"dataSources":{"Table1":{"tableName":"Table1"}}}},"apiTier":"Standard","isCustomApiConnection":false},"de2fc4b9-7f6b-41fd-b5ca-f26d2b06b026":{"id":"1a3baa98-c428-4880-8c2a-05eed730b19a","displayName":"OneDrive for Business","iconUri":"https://connectoricons-prod.azureedge.net/onedriveforbusiness/icon_1.0.1306.1889.png","dataSources":[],"dependencies":[],"dependents":["7edb8963-b268-4c28-9a37-2be705fef8f8"],"parameterHints":{},"isOnPremiseConnection":false,"bypassConsent":false,"dataSets":{},"apiTier":"Standard","isCustomApiConnection":false},"f1fd2d6f-b688-4601-a7c1-be4415a59202":{"id":"c8d7dcc0-50d8-4ca9-9678-3df4f054679b","displayName":"Office 365 Users","iconUri":"https://connectoricons-prod.azureedge.net/office365users/icon_1.0.1298.1845.png","dataSources":["Office365Users"],"dependencies":[],"dependents":[],"parameterHints":{},"isOnPremiseConnection":false,"bypassConsent":false,"dataSets":{},"apiTier":"Standard","isCustomApiConnection":false},"fbb8ccab-0d80-4a33-9be5-b659d325318f":{"id":"c8d7dcc0-50d8-4ca9-9678-3df4f054679b","displayName":"Office 365 Users","iconUri":"https://connectoricons-prod.azureedge.net/office365users/icon_1.0.1298.1845.png","dataSources":["Office365Users_1"],"dependencies":[],"dependents":[],"parameterHints":{},"isOnPremiseConnection":false,"bypassConsent":false,"dataSets":{},"apiTier":"Standard","isCustomApiConnection":false},"c21fb6ae-6d18-4ab6-8b1f-8c6a1b815cc1":{"id":"b0417075-32cf-4f61-a0e8-0b54c7a2f81a","displayName":"SharePoint","iconUri":"https://connectoricons-prod.azureedge.net/sharepointonline/icon_1.0.1299.1858.png","dataSources":["UsersList"],"dependencies":[],"dependents":[],"parameterHints":{},"isOnPremiseConnection":false,"bypassConsent":false,"dataSets":{"https://unilever.sharepoint.com/sites/PowerAppsTestingSite":{"dataSources":{"UsersList":{"tableName":"589e2b4f-5d42-438c-97a5-55b9a0ca436a"}}}},"apiTier":"Standard","isCustomApiConnection":false},"b2addf4d-956a-412c-a201-83bfaee11928":{"id":"b0417075-32cf-4f61-a0e8-0b54c7a2f81a","displayName":"SharePoint","iconUri":"https://connectoricons-prod.azureedge.net/sharepointonline/icon_1.0.1299.1858.png","dataSources":["FactoryList"],"dependencies":[],"dependents":[],"parameterHints":{},"isOnPremiseConnection":false,"bypassConsent":false,"dataSets":{"https://unilever.sharepoint.com/sites/PowerAppsTestingSite":{"dataSources":{"FactoryList":{"tableName":"910fa61a-e089-44cd-94ff-415bbd0976c3"}}}},"apiTier":"Standard","isCustomApiConnection":false},"e87f3c4a-0ca5-44e6-8cff-a088d0d356f1":{"id":"b0417075-32cf-4f61-a0e8-0b54c7a2f81a","displayName":"SharePoint","iconUri":"https://connectoricons-prod.azureedge.net/sharepointonline/icon_1.0.1299.1858.png","dataSources":["UserList1","UserList2"],"dependencies":[],"dependents":[],"parameterHints":{},"isOnPremiseConnection":false,"bypassConsent":false,"dataSets":{"https://unilever.sharepoint.com/sites/PowerAppsTestingSite":{"dataSources":{"UserList1":{"tableName":"e7a1aa01-7687-4602-aa1e-7a806871d972"},"UserList2":{"tableName":"925f8d4b-0ca7-4d2b-9264-76009d4616b6"}}}},"apiTier":"Standard","isCustomApiConnection":false}},"databaseReferences":{},"almMode":"Environment","performanceOptimizationEnabled":false,"canConsumeAppPass":true,"executionRestrictions":{"isTeamsOnly":false,"dataLossPreventionEvaluationResult":{"status":"Compliant","lastEvaluationDate":"2020-10-31T00:36:06.8355566Z","violationDetails":[]}}},"isAppComponentLibrary":false,"appType":"ClassicCanvasApp","appComponents":[]}}