{"schemaVersion":"1.0","appDefinitionTemplate":{"id":"/providers/Microsoft.PowerApps/apps/","type":"Microsoft.PowerApps/apps","tags":{"primaryDeviceWidth":"640","primaryDeviceHeight":"1136","sienaVersion":"20200819T102355Z-3.20081.23.0","deviceCapabilities":"","supportsPortrait":"true","supportsLandscape":"false","primaryFormFactor":"Phone","publisherVersion":"3.20081.23","minimumRequiredApiVersion":"2.2.0","hasComponent":"false","hasUnlockedComponent":"false","isUnifiedRootApp":"false"},"properties":{"appVersion":"2020-08-19T10:23:55Z","lifeCycleId":"Published","createdByClientVersion":{"major":3,"minor":20081,"build":23,"revision":0,"majorRevision":0,"minorRevision":0},"minClientVersion":{"major":3,"minor":20081,"build":23,"revision":0,"majorRevision":0,"minorRevision":0},"backgroundColor":"rgba(253, 193, 2, 1)","backgroundImageUri":"/14431446695606682000/Nffb92e27-f59a-4cda-a92a-7c510a90d34d-logoSmallFile","displayName":"Unilever Desk Planner Backup","description":"Reserve your desk in the office.","commitMessage":"","appUris":{"documentUri":{"value":"/14431446695606682000/N7c5c3266-41ed-49e3-9bff-a7bd80babd1a-document.msapp","readonlyValue":"/14431446695606682000/N7c5c3266-41ed-49e3-9bff-a7bd80babd1a-document.msapp"},"imageUris":[]},"createdTime":"0001-01-01T00:00:00Z","lastModifiedTime":"0001-01-01T00:00:00Z","sharedGroupsCount":0,"sharedUsersCount":0,"icons":{"smallIconUri":"/14431446695606682000/N4f78a0ba-0b06-4d2e-bd1a-809474d9eb7c-small.png","mediumIconUri":"/14431446695606682000/Na25db2c2-3727-478b-876b-0c7975e20623-medium.png","largeIconUri":"/14431446695606682000/Nd18f465a-b76a-4a36-baef-7ce01513d1a5-large.png","wideIconUri":"/14431446695606682000/N152affdd-b1ec-44ab-b8ee-7c340ea3f281-wide.png"},"connectionReferences":{"c5126301-5be6-4715-ae8e-464cde17c81d":{"id":"4ddf1efd-a1e3-45de-a917-8f281ba49e67","displayName":"Office 365 Outlook","iconUri":"https://connectoricons-prod.azureedge.net/releases/v1.0.1384/1.0.1384.2105/office365/icon.png","dataSources":["Office365Outlook"],"dependencies":[],"dependents":[],"parameterHints":{},"isOnPremiseConnection":false,"dataSets":{},"apiTier":"Standard","isCustomApiConnection":false},"47a920be-2dde-425b-97b6-774bdc436c51":{"id":"b0417075-32cf-4f61-a0e8-0b54c7a2f81a","displayName":"SharePoint","iconUri":"https://connectoricons-prod.azureedge.net/releases/v1.0.1371/1.0.1371.2074/sharepointonline/icon.png","dataSources":["Bookings_Building1","Bookings_Building2","Bookings_Building3","Bookings_Building4","Bookings_Building5","Building_Building1","Building_Building2","Building_Building3","Building_Building4","Building_Building5","DeskPlannerStyles_1","DeskPlannerAssets_1","RulesRegulations_1"],"dependencies":[],"dependents":[],"parameterHints":{},"isOnPremiseConnection":false,"dataSets":{"https://unilever.sharepoint.com/sites/PowerAppsTestingSite":{"dataSources":{"Bookings_Building1":{"tableName":"7ed09a51-e7b3-45cb-8a2d-77abe1a05485"},"Bookings_Building2":{"tableName":"73c047a5-d75a-444a-8a6b-45ac67e8cbfa"},"Bookings_Building3":{"tableName":"e7f19423-fd28-4a9e-89ae-ebf9c9e16712"},"Bookings_Building4":{"tableName":"0dfd7f7a-42e0-4530-9ce4-d85f7515d403"},"Bookings_Building5":{"tableName":"1394c586-1254-4b9b-9a5f-5eeef3d23496"},"Building_Building1":{"tableName":"27b5b41d-e00b-4b73-a92a-22a478b0d735"},"Building_Building2":{"tableName":"f03c4a24-dcb0-4ab9-80f9-4c31a1e6aaa5"},"Building_Building3":{"tableName":"80cf3426-2474-409f-82f0-74befdf92f50"},"Building_Building4":{"tableName":"1e726818-a4ac-4cad-8fc6-9e4b71b1adc4"},"Building_Building5":{"tableName":"f5e38e06-3f3e-475f-a286-73887b265a53"},"DeskPlannerStyles_1":{"tableName":"e2c1f113-7934-4f9e-ab1a-2f1321d2d650"},"DeskPlannerAssets_1":{"tableName":"bc6f86da-781f-4649-b1ea-435743ee23a4"},"RulesRegulations_1":{"tableName":"a2a6e062-dd0f-4f9a-9357-010d1ae64c3c"}}}},"apiTier":"Standard","isCustomApiConnection":false},"690a2876-49d0-497a-b223-b8ed4b100de0":{"id":"c8d7dcc0-50d8-4ca9-9678-3df4f054679b","displayName":"Office 365 Users","iconUri":"https://connectoricons-prod.azureedge.net/releases/v1.0.1381/1.0.1381.2096/office365users/icon.png","dataSources":["Office365Users"],"dependencies":[],"dependents":[],"parameterHints":{},"isOnPremiseConnection":false,"dataSets":{},"apiTier":"Standard","isCustomApiConnection":false}},"databaseReferences":{},"almMode":"Environment","performanceOptimizationEnabled":true,"canConsumeAppPass":true,"executionRestrictions":{"isTeamsOnly":false,"dataLossPreventionEvaluationResult":{"status":"Compliant","lastEvaluationDate":"2020-10-31T00:27:02.546382Z","violationDetails":[]}}},"isAppComponentLibrary":false,"appType":"ClassicCanvasApp","appComponents":[]}}